Teff,logg,FeH,A,lambda0,b,n,W_lambda
5000,3.5,0.5,0.3192405081207845,4862.790002308289,19.99991260666938,0.5000000004185277,51.07825798173212
5000,3.5,-0.0,0.2752850669104337,4862.759990177797,19.350510771431637,0.5000065098087644,42.613674452516236
5000,3.5,-0.5,0.24417662105870153,4862.730000291721,14.422072992355197,0.5000723749364251,28.160664620038236
5000,4.0,0.5,0.30440555864181795,4862.813983251312,19.99999812828267,0.5000000000145445,48.704884820570065
5000,4.0,-0.0,0.26328293638420014,4862.772026935788,19.7064587661352,0.5000023111924778,41.50644868930323
5000,4.0,-0.5,0.2437792416578216,4862.718004950721,13.209599609050356,0.5000597241845441,25.753055640972974
5000,4.5,0.5,0.2921356412848971,4862.879973503046,19.99937927678954,0.5000000066410523,46.74025015604403
5000,4.5,-0.0,0.25264623220128857,4862.8140266589635,19.06214148631221,0.5000040605763434,38.52693546089767
5000,4.5,-0.5,0.24372202832567738,4862.747984992108,11.913254251012395,0.5000744535130719,23.218341254552744
5000,5.0,0.5,0.27470684661509115,4863.209994260513,19.4200353355009,0.5000385689499355,42.66916718050788
5000,5.0,-0.0,0.2335927857030851,4862.861983353551,19.274677045164484,0.500000000814053,36.019403869184394
5000,5.0,-0.5,0.22280283210749718,4862.759983673512,12.357805643754487,0.5000000137580054,22.02683104382789
5250,3.5,0.5,0.3493946496183348,4862.765995484362,15.033668368023857,0.5000000377489872,42.021457307725356
5250,3.5,-0.0,0.35536814108253734,4862.693996285764,9.346711536942774,0.5000353423301802,26.566844308353414
5250,3.5,-0.5,0.41470597481579735,4862.705982826238,4.3495136856669285,0.5000077206541249,14.429520477699324
5250,4.0,0.5,0.33862080071579953,4862.7839664935145,14.781603644807598,0.5000060874123814,40.04148048206809
5250,4.0,-0.0,0.34480161881623317,4862.760012688393,9.430526151468248,0.5000059428405419,26.012405684021168
5250,4.0,-0.5,0.38807491886474044,4862.711972466199,4.519338023896407,0.500011121826094,14.029845858353058
5250,4.5,0.5,0.32641366166547536,4862.807996231321,14.965105059039441,0.5000151408907572,39.075150821193226
5250,4.5,-0.0,0.3319447738816575,4862.766010044475,9.614746271858806,0.5000518726180468,25.524982629136566
5250,4.5,-0.5,0.3780647638884271,4862.699982321493,4.478292025618194,0.5000018646992326,13.544531600054908
5250,5.0,0.5,0.32471478000614395,4862.861987338679,13.713877677546579,0.5005677738013078,35.51000572545076
5250,5.0,-0.0,0.3328506990406019,4862.759968596186,8.947803499686774,0.5000002178488945,23.82623165803327
5250,5.0,-0.5,0.3712728578360158,4862.723984195641,4.3548063181193575,0.5000947226253943,12.927601668188002
5500,3.5,0.5,0.4068295851217447,4862.693988300554,10.440334419970783,0.5000032581982168,33.9788652984318
5500,3.5,-0.0,0.4339649832628052,4862.729992896166,6.2642744867882625,0.5000000000460653,21.747806176800005
5500,3.5,-0.5,0.5566519373355701,4862.7000010631555,2.5986099370344946,0.5000000000134075,11.572170045754719
5500,4.0,0.5,0.3967845978154471,4862.74797658121,10.281991025554039,0.5000000398166051,32.6378779947309
5500,4.0,-0.0,0.4212118095007539,4862.723993369247,6.297624937987099,0.5000003023267777,21.221035452928497
5500,4.0,-0.5,0.5331472785259942,4862.687995048558,2.516534282448985,0.5000000000129182,10.733467231251218
5500,4.5,0.5,0.3820370528015813,4862.771998920495,10.448952964103313,0.5000065733995984,31.933902905969997
5500,4.5,-0.0,0.40971184896108365,4862.735973134327,6.360145243860007,0.5001730054705739,20.82610732316284
5500,4.5,-0.5,0.5143555014393988,4862.699960076393,2.573734724607424,0.5000000463016734,10.59051412808175
5500,5.0,0.5,0.3822167771485918,4862.801985842691,9.813738705094085,0.5000001035954678,30.007786945242433
5500,5.0,-0.0,0.4074316916187019,4862.71797925958,6.171630611267487,0.5000042798490266,20.115653237447752
5500,5.0,-0.5,0.50677713303274,4862.705979238358,2.571622966747157,0.500021598082674,10.424636325023483
5750,3.5,0.5,0.5389898144828605,4862.735970646218,5.66856104899715,0.5000000000958361,24.44237333213867
5750,3.5,-0.0,0.5983214252814989,4862.711987420551,3.6712832645943596,0.5000001836486184,17.572841117273786
5750,3.5,-0.5,0.7262936434989318,4862.687985277776,1.906919313605501,0.5000007963010821,11.079816796905007
5750,4.0,0.5,0.5212555949492838,4862.754010660015,5.751948602565443,0.5000023979670831,23.985555792362035
5750,4.0,-0.0,0.584476738470384,4862.688000363406,3.6059898760455504,0.5000051244112587,16.860445898586825
5750,4.0,-0.5,0.7234970393629608,4862.68801656218,1.62144752947275,0.500000000344136,9.384899878066808
5750,4.5,0.5,0.5062051929421061,4862.759952112952,5.900789499960533,0.5000000722574339,23.89607247199602
5750,4.5,-0.0,0.5631428970391265,4862.718019048171,3.6150755846215668,0.5000004909742364,16.286387594445586
5750,4.5,-0.5,0.7241310791074529,4862.687995165525,1.5823939286859714,0.5000000002549332,9.166884971919771
5750,5.0,0.5,0.4993689624394199,4862.7599867115805,5.834682496706665,0.5000042252387842,23.308714263832783
5750,5.0,-0.0,0.5586114915154747,4862.717995361536,3.520332598598594,0.5000000097629483,15.731985074164696
5750,5.0,-0.5,0.7150327484972504,4862.683335953734,1.5178664936743256,0.5000000000000001,8.682594006590694
6000,3.5,0.5,0.6257658920991642,4862.729986499585,4.4477723991253075,0.500000000086318,22.26611409460334
6000,3.5,-0.0,0.7010901881986957,4862.694011669661,2.944317206023757,0.5000002841099889,16.51382853134054
6000,3.5,-0.5,0.8128057091307872,4862.688978510117,1.759641444816894,0.5000000000000067,11.441972898962117
6000,4.0,0.5,0.6075984222966442,4862.729992119166,4.480019890140058,0.5000022333684301,21.776147352772572
6000,4.0,-0.0,0.6871162271146821,4862.699939215898,2.8883296672611674,0.5000000017566135,15.876945310331319
6000,4.0,-0.5,0.8097866842565188,4862.6808586380475,1.4681717580080422,0.5000000000000726,9.511247518687242
6000,4.5,0.5,0.5939485030442124,4862.741936619093,4.503662456048411,0.5000020402738264,21.39930011405118
6000,4.5,-0.0,0.6682665299797556,4862.711960355506,2.789427327953206,0.5000000223035981,14.912645475751457
6000,4.5,-0.5,0.8166213692247214,4862.675174669309,1.4373955387188244,0.5000000000086752,9.390463303104957
6000,5.0,0.5,0.5886007947879142,4862.747984417174,4.400294556731664,0.5000000332886436,20.72013106171158
6000,5.0,-0.0,0.6574566832850199,4862.70596857164,2.7631626210039992,0.5000000089638965,14.533277116047723
6000,5.0,-0.5,0.8093769480756934,4862.679910583807,1.3459730264777672,0.5000000000000001,8.715196322902232
6250,3.5,0.5,0.7789716581754427,4862.706030967915,3.0679922013136744,0.5000000000000001,19.119031778613106
6250,3.5,-0.0,0.8385122442842757,4862.700778785702,2.3494283279864834,0.5000000000000531,15.760195360675237
6250,3.5,-0.5,0.8954571955528263,4862.690408271204,1.7931427060743692,0.5000000000000001,12.845460310458877
6250,4.0,0.5,0.7574217314803591,4862.711981733565,3.092294437938819,0.5000000766208688,18.73735988883419
6250,4.0,-0.0,0.8221536800862561,4862.701091106658,2.295722960389892,0.5000000000000001,15.099496642744505
6250,4.0,-0.5,0.8765000481739904,4862.695575357958,1.6826973139482746,0.5000000026814676,11.799074033842302
6250,4.5,0.5,0.7340367548762782,4862.718007673832,3.1799844093338203,0.5000000000394901,18.67380348687963
6250,4.5,-0.0,0.7998626363056784,4862.701293841735,2.2747197105684296,0.5000000000003115,14.555706436388226
6250,4.5,-0.5,0.8823833219254286,4862.6904581164745,1.5503605587516442,0.5000036686844379,10.943869902652116
6250,5.0,0.5,0.7191079661060001,4862.724008104598,3.2024172754727855,0.5000000000000002,18.4230701887036
6250,5.0,-0.0,0.7842993440876814,4862.706629351614,2.2833321410674654,0.5000006627994874,14.326473163920676
6250,5.0,-0.5,0.8745367098572323,4862.67974524653,1.477996294437084,0.5000000011843874,10.34049606244528
6500,3.5,0.5,0.8363859960668489,4862.701748368671,2.895134098768876,0.5213130733927505,17.252318527603286
6500,3.5,-0.0,0.8738705238920667,4862.6958955890295,2.455224846517962,0.5222820579134606,15.210009740106576
6500,3.5,-0.5,0.8796344427863321,4862.690388078718,2.1975831460918265,0.5395245806439869,12.5734799121159
6500,4.0,0.5,0.8295034398873289,4862.707593879285,2.7820923660952634,0.5127710648762185,17.201952722247828
6500,4.0,-0.0,0.8717981003280499,4862.6964625304745,2.304339617024499,0.5135386683064559,14.912774523604606
6500,4.0,-0.5,0.873452096728189,4862.695513193701,2.0862188614062904,0.5332838570640077,12.218944695936374
6500,4.5,0.5,0.8189486031058496,4862.713470076896,2.771846251898473,0.5000000000000001,18.159996928131502
6500,4.5,-0.0,0.8769302263097969,4862.701832900314,2.119401365958583,0.5000000061578916,14.868536434856908
6500,4.5,-0.5,0.9004902267782191,4862.690595784555,1.7563479106309106,0.5170229482519185,11.524572184934156
6500,5.0,0.5,0.799654500039506,4862.719347246026,2.8213227556112095,0.5000000000000001,18.048667500706895
6500,5.0,-0.0,0.8622419599787106,4862.712968672759,2.1099050619987603,0.5000001068206522,14.553980560397909
6500,5.0,-0.5,0.8873076028830754,4862.690585112546,1.7209185162580853,0.5205122290710268,10.924855543892294
6750,3.5,0.5,0.7469480417954016,4862.706049176206,4.297765234964767,0.6587253319659913,13.12356692875687
6750,3.5,-0.0,0.7699556039534321,4862.6999822769,3.8048989099681108,0.6574032532139336,12.026662549179395
6750,3.5,-0.5,0.7783507165690055,4862.695859446807,3.479004960877416,0.659073306094432,11.057884800422915
6750,4.0,0.5,0.7376224331811201,4862.711993716581,4.162741242487714,0.6509877191573397,12.867007461712715
6750,4.0,-0.0,0.7675523418457498,4862.699969706234,3.599418733752235,0.6422856740956421,11.912652861323195
6750,4.0,-0.5,0.7721293665825957,4862.693984348752,3.3028252224360664,0.6483751686931885,10.7777348927035
6750,4.5,0.5,0.7467995450903926,4862.712015096168,3.914691887945537,0.6242519725627524,13.409711522626745
6750,4.5,-0.0,0.7832361192965572,4862.7012208784445,3.3069723334351355,0.6112638648600032,12.451013355534831
6750,4.5,-0.5,0.7850731740934834,4862.6946821160145,2.944272283694596,0.6296745798917301,10.403128388975267
6750,5.0,0.5,0.7421273415450292,4862.717969004297,3.824568063539437,0.6138224417308998,13.516344111026154
6750,5.0,-0.0,0.7796893135800074,4862.702438503333,3.1894018526423973,0.6036106005775872,12.301071993173153
6750,5.0,-0.5,0.779526704798977,4862.694948124133,2.818702195435691,0.6278418756958757,9.952335067198371
7000,3.5,0.5,0.7187652217441122,4862.717991932827,5.13191769939885,0.7443553996437492,11.874682403492494
7000,3.5,-0.0,0.7346673425070129,4862.706003546777,4.656730500768689,0.7438593503910924,11.027047440759059
7000,3.5,-0.5,0.7387856458349786,4862.705994209249,4.371278425857715,0.7433892468347756,10.421237045202476
7000,4.0,0.5,0.7104478497040065,4862.717977088447,4.958131423625817,0.7342980981855152,11.628764380130571
7000,4.0,-0.0,0.728306415458211,4862.706003197373,4.435248989287045,0.73133986665182,10.744508968822588
7000,4.0,-0.5,0.730481606557118,4862.7000170273495,4.174869631677579,0.7309739973874346,10.15343581725158
7000,4.5,0.5,0.7103664366769058,4862.718013825424,4.777656939413671,0.7167316651613688,11.727337871742144
7000,4.5,-0.0,0.7312397544176248,4862.706051954327,4.282907876934955,0.706830118651122,11.114907406244189
7000,4.5,-0.5,0.733350753349864,4862.699996900343,3.9123068096852616,0.7145444544487646,9.972004847408925
7000,5.0,0.5,0.7051110130114883,4862.724013579978,4.663667063782989,0.707034552970106,11.66405199139146
7000,5.0,-0.0,0.7272444259023032,4862.705990833854,4.14025698799971,0.6982875537658181,10.941919606418338
7000,5.0,-0.5,0.729366139052594,4862.699967490782,3.7395581130147515,0.7082373457848135,9.642818086316447
